customerID,SeniorCitizen,tenure,MonthlyCharges,Actual_Churn,Predicted_Churn,Churn_Probability
1024-GUALD,0,1,24.8,1,1,0.7633333333333333
0484-JPBRU,0,41,25.25,0,0,0.11666666666666667
3620-EHIMZ,0,52,19.35,0,0,0.006666666666666667
6910-HADCM,0,1,76.35,1,1,0.65
8587-XYZSF,0,67,50.55,0,0,0.023333333333333334
6818-WOBHJ,1,68,89.6,1,0,0.12333333333333334
3082-YVEKW,0,23,77.15,0,0,0.07
4737-AQCPU,0,72,72.1,0,0,0.013333333333333334
4853-RULSV,0,70,104.0,1,0,0.17333333333333334
5766-ZJYBB,0,1,19.4,1,0,0.2833333333333333
2668-TZSPS,0,1,20.45,0,0,0.18
3192-LNKRK,0,34,84.05,0,0,0.3566666666666667
5315-CKEQK,1,28,51.0,0,0,0.13
5914-DVBWJ,1,18,85.45,1,1,0.5366666666666666
7998-ZLXWN,0,15,20.45,0,0,0.11
6328-ZPBGN,1,11,95.15,1,1,0.86
9530-EHPOH,0,11,53.75,1,0,0.33666666666666667
1853-UDXBW,0,1,70.0,1,1,0.759874588393917
2672-TGEFF,0,37,88.8,0,0,0.24333333333333335
1902-XBTFB,0,22,89.4,1,0,0.45
1640-PLFMP,0,1,70.25,0,1,0.9224482309785825
3679-XASPY,0,1,19.45,0,1,0.5566666666666666
7356-IWLFW,0,46,80.0,0,0,0.22666666666666666
9036-CSKBW,0,51,107.45,0,0,0.27666666666666667
8952-WCVCD,0,41,104.45,0,0,0.23
2100-BDNSN,0,5,67.95,1,0,0.26666666666666666
2869-ADAWR,0,45,89.3,1,0,0.33666666666666667
5832-EXGTT,0,29,60.2,0,0,0.09666666666666666
9402-ORRAH,1,15,91.5,0,1,0.6166666666666667
4967-WPNCF,0,72,63.7,0,0,0.0
8033-VCZGH,0,50,103.95,0,0,0.21666666666666667
9392-XBGTD,0,27,20.6,0,0,0.0
0078-XZMHT,0,72,85.15,0,0,0.016666666666666666
0743-HNPFG,0,51,69.75,0,0,0.07333333333333333
5334-JLAXU,0,60,94.1,0,0,0.16333333333333333
5696-EXCYS,0,17,19.45,0,0,0.0033333333333333335
2569-WGERO,0,72,21.15,0,0,0.0033333333333333335
5219-YIPTK,0,33,104.4,1,0,0.39666666666666667
5553-AOINX,1,66,104.9,0,0,0.3
5502-RLUYV,0,69,103.95,1,1,0.5666666666666667
2058-DCJBE,0,5,69.75,1,1,0.7966666666666666
2293-IJWPS,0,57,100.75,0,0,0.44333333333333336
7130-VTEWQ,1,8,75.75,1,1,0.59
0080-EMYVY,0,14,51.45,0,0,0.09333333333333334
0148-DCDOS,0,25,94.7,1,0,0.25333333333333335
9170-ARBTB,0,52,19.6,0,0,0.01
2070-FNEXE,1,7,76.45,1,0,0.30666666666666664
5364-EVNIB,0,13,79.8,1,1,0.6133333333333333
1112-CUNAO,1,15,89.85,1,1,0.53
4576-CSAJH,0,22,55.15,1,0,0.09333333333333334
9967-ATRFS,0,19,19.9,0,0,0.016666666666666666
1360-RCYRT,0,23,30.35,0,0,0.20333333333333334
5038-ETMLM,0,72,113.65,0,0,0.0
5663-QBGIS,1,72,98.35,0,0,0.20333333333333334
4194-WHFCB,0,59,96.65,0,0,0.09333333333333334
9481-WHGWY,0,70,75.35,0,0,0.06333333333333334
5453-YBTWV,0,70,101.1,0,0,0.06333333333333334
2018-PZKMU,0,9,103.1,0,0,0.3933333333333333
9277-JOOMO,0,3,24.6,0,0,0.12333333333333334
3629-ZNKXA,1,17,101.8,0,1,0.5633333333333334
0369-ZGOVK,0,28,70.4,0,0,0.21
3604-WLABM,0,10,54.25,0,0,0.29333333333333333
4063-EIKNQ,0,11,20.95,0,0,0.11
2878-RMWXY,1,72,102.65,0,0,0.04666666666666667
9540-JYROE,0,8,70.1,1,0,0.3
7515-LODFU,1,69,20.3,0,0,0.0
1839-FBNFR,0,39,19.85,0,0,0.0
5397-NSKQG,0,67,50.9,0,0,0.03666666666666667
1755-FZQEC,0,39,19.9,0,0,0.0
2160-GPFXD,0,54,65.65,0,0,0.02
4415-IJZTP,0,1,74.5,1,1,0.94
9880-TDQAC,0,72,60.0,0,0,0.09
5138-WVKYJ,0,10,98.55,1,1,0.7533333333333333
8844-TONUD,0,13,96.65,1,0,0.44
0080-OROZO,0,35,99.25,0,0,0.43333333333333335
0953-LGOVU,0,12,35.5,0,0,0.13333333333333333
5325-UWTWJ,0,31,90.55,0,0,0.19333333333333333
1074-AMIOH,0,53,108.25,0,0,0.22
5906-BFOZT,0,1,19.5,0,1,0.63
7026-YMSBE,0,30,19.7,0,0,0.0
6572-ADKRS,0,46,74.8,0,0,0.2633333333333333
5922-ABDVO,0,19,89.65,1,0,0.23666666666666666
6475-VHUIZ,0,23,54.25,0,0,0.15333333333333332
1324-NLTJE,1,15,55.0,1,0,0.4033333333333333
4361-FEBGN,0,48,20.15,0,0,0.0
8393-DLHGA,0,25,95.9,1,0,0.35333333333333333
6769-DCQLI,0,52,105.0,1,0,0.29333333333333333
3018-TFTSU,0,12,81.7,1,0,0.21333333333333335
2324-AALNO,0,48,24.55,0,0,0.013333333333333334
2300-RQGOI,0,38,20.05,0,0,0.006666666666666667
6133-OZILE,0,18,35.2,0,0,0.3233333333333333
7605-SNLQG,0,45,50.25,0,0,0.13666666666666666
5348-CAGXB,0,12,89.55,0,1,0.5566666666666666
0201-MIBOL,1,66,102.4,0,0,0.15666666666666668
7083-MIOPC,0,72,20.25,0,0,0.0
0562-KBDVM,0,70,44.6,0,0,0.013333333333333334
1173-NOEYG,0,27,90.15,0,0,0.27666666666666667
7698-YFGEZ,0,1,20.0,0,0,0.28271107570020965
9061-TIHDA,1,13,95.25,1,1,0.7766666666666666
0016-QLJIS,0,65,90.45,0,0,0.0033333333333333335
7296-PIXQY,0,14,70.2,0,0,0.3566666666666667
9102-IAYHT,0,17,85.45,1,0,0.4866666666666667
6447-EGDIV,0,31,20.95,0,0,0.013333333333333334
3460-TJBWI,0,24,24.2,0,0,0.016666666666666666
3744-ZBHON,0,3,20.2,0,0,0.23333333333333334
1092-GANHU,0,17,76.65,1,0,0.3566666666666667
3948-KXDUF,0,66,68.75,0,0,0.0033333333333333335
7284-ZZLOH,0,45,53.3,0,0,0.056666666666666664
6745-JEFZB,0,35,91.5,0,0,0.24333333333333335
2606-PKWJB,0,40,40.25,0,0,0.03
1624-WOIWJ,0,10,84.7,1,0,0.4166666666666667
8777-PVYGU,0,52,64.3,0,0,0.06
4770-QAZXN,0,13,19.45,0,0,0.023333333333333334
8012-SOUDQ,1,43,90.25,0,0,0.32666666666666666
5546-BYZSM,0,41,20.45,0,0,0.013333333333333334
0523-VNGTF,1,52,50.5,0,0,0.19333333333333333
3779-OSWCF,0,71,93.2,0,0,0.0033333333333333335
8535-SFUTN,0,61,106.45,0,0,0.19
2320-SLKMB,0,26,44.45,0,0,0.16
7169-YWAMK,0,72,68.4,0,0,0.06333333333333334
8434-PNQZX,0,42,78.45,0,0,0.02666666666666667
4981-FLTMF,0,57,65.2,0,0,0.06333333333333334
9424-CMPOG,0,9,19.6,0,0,0.0
3627-FCRDW,0,9,71.0,1,0,0.24666666666666667
1518-OMDIK,0,33,44.55,0,0,0.08666666666666667
8393-JMVMB,0,1,19.45,0,0,0.3124482309785824
7638-QVMVY,0,7,79.0,1,1,0.7933333333333333
6140-QNRQQ,0,1,71.55,1,0,0.5
7969-FFOWG,0,65,19.9,0,0,0.0
1342-JPNKI,0,10,86.05,1,1,0.71
7080-TNUWP,0,70,95.0,0,0,0.10333333333333333
8949-JTMAY,0,29,98.6,1,0,0.4633333333333333
0654-HMSHN,0,21,104.4,1,0,0.44333333333333336
2725-KXXWT,0,1,90.75,1,1,0.7733333333333333
2439-QKJUL,0,5,20.25,0,0,0.11911489764524909
1935-IMVBB,0,56,89.7,0,0,0.31333333333333335
4628-WQCQQ,0,35,85.15,1,0,0.26
3724-BSCVH,0,10,20.45,0,0,0.01
7605-BDWDC,0,31,49.85,0,0,0.023333333333333334
7137-RYLPP,1,37,85.7,1,0,0.4766666666666667
3207-OYBWH,1,57,95.25,1,0,0.2833333333333333
4707-YNOQA,0,34,25.6,0,0,0.023333333333333334
6956-SMUCM,0,3,99.0,1,1,0.6366666666666667
8714-CTZJW,0,4,82.85,0,1,0.7133333333333334
3662-FXJFO,0,54,20.5,0,0,0.0033333333333333335
7623-HKYRK,0,6,19.7,0,0,0.03666666666666667
1353-GHZOS,0,22,59.75,0,0,0.12333333333333334
3323-CPBWR,0,23,96.9,0,0,0.33666666666666667
6152-ONASV,0,68,58.25,0,0,0.03
9251-AWQGT,0,48,20.0,0,0,0.0
4803-LBYPN,0,34,20.8,0,0,0.023333333333333334
8879-ZKJOF,0,41,79.85,0,0,0.09
7354-OIJLX,0,9,75.85,0,1,0.5433333333333333
9129-UXERG,1,18,103.6,0,1,0.5133333333333333
5302-BDJNT,0,35,95.5,0,0,0.33
7148-XZPHA,0,55,79.4,0,0,0.13666666666666666
2651-ZCBXV,0,54,108.0,0,0,0.4066666666666667
1304-NECVQ,1,2,78.55,1,1,0.77
3374-TTZTK,0,52,106.3,0,0,0.25333333333333335
0229-LFJAF,0,72,69.65,0,0,0.016666666666666666
1304-BCCFO,0,9,70.05,0,0,0.32666666666666666
0455-XFASS,0,3,69.55,0,0,0.44333333333333336
0221-WMXNQ,1,4,75.35,0,0,0.28
2882-WDTBA,0,69,75.75,0,0,0.013333333333333334
8069-RHUXK,0,67,35.7,0,0,0.006666666666666667
4806-KEXQR,0,4,79.9,1,1,0.5166666666666667
2817-NTQDO,0,13,45.55,1,0,0.27666666666666667
3230-IUALN,0,45,81.0,0,0,0.0033333333333333335
6500-JVEGC,0,68,101.35,0,0,0.07666666666666666
7103-ZGVNT,0,69,73.7,0,0,0.02666666666666667
1837-YQUCE,0,70,58.35,0,0,0.01
4800-VHZKI,0,1,19.9,1,1,0.5881521992796623
3887-PBQAO,0,45,25.9,0,0,0.02
5177-RVZNU,0,37,20.3,0,0,0.08
1729-VLAZJ,0,10,40.25,0,0,0.013333333333333334
4273-MBHYA,0,1,89.35,0,1,0.7033333333333334
8690-UPCZI,0,29,69.05,0,0,0.06
6374-NTQLP,1,72,104.1,0,0,0.013333333333333334
1618-CFHME,0,2,75.9,1,1,0.71
4104-PVRPS,0,24,53.6,0,0,0.10666666666666667
4210-QFJMF,0,4,79.15,1,1,0.78
5787-KXGIY,0,72,19.3,0,0,0.006666666666666667
3088-LHEFH,0,11,79.0,0,0,0.28
8896-RAZCR,0,44,19.9,0,0,0.0033333333333333335
7268-WNTCP,0,62,20.45,0,0,0.0
5854-KSRBJ,0,70,25.4,0,0,0.0
9907-SWKKF,1,1,25.05,1,1,0.7333333333333333
3932-CMDTD,0,4,105.65,1,0,0.29
5277-ZLOOR,1,2,85.55,1,1,0.8333333333333334
2746-DIJLO,0,41,56.3,0,0,0.14333333333333334
9174-FKWZE,1,1,19.45,1,0,0.3466666666666667
9919-FZDED,1,72,84.1,0,0,0.006666666666666667
9488-FYQAU,0,63,109.25,0,0,0.08333333333333333
6869-FGJJC,0,68,79.6,0,0,0.07666666666666666
3349-ANQNH,1,59,99.5,0,1,0.5833333333333334
0222-CNVPT,1,52,48.8,0,0,0.31666666666666665
6900-PXRMS,1,26,105.75,1,1,0.56
0230-WEQUW,0,66,56.6,0,0,0.01
7629-WFGLW,1,56,95.65,0,0,0.08333333333333333
2235-EZAIK,0,72,79.2,0,0,0.01
5119-NZPTV,1,2,70.1,0,1,0.5533333333333333
4282-MSACW,0,68,117.2,0,0,0.47333333333333333
7711-YIJWC,0,61,84.9,0,0,0.09333333333333334
8749-CLJXC,0,1,20.05,0,0,0.09
7636-XUHWW,0,2,19.9,0,0,0.14333333333333334
0883-EIBTI,0,2,19.5,1,0,0.09860121552127163
4098-NAUKP,1,68,84.65,0,0,0.3333333333333333
0701-TJSEF,0,9,68.25,0,0,0.11
0689-NKYLF,0,13,83.2,1,0,0.45666666666666667
9867-NNXLC,0,22,20.05,0,0,0.013333333333333334
9337-SRRNI,0,66,25.3,0,0,0.0033333333333333335
1850-AKQEP,0,8,20.35,0,0,0.056666666666666664
5600-KTXFM,0,2,69.95,0,1,0.5633333333333334
7055-HNEOJ,0,3,55.8,0,0,0.48333333333333334
2462-XIIJB,0,5,92.5,1,1,0.82
7277-KAMWT,0,13,20.0,0,0,0.0
7691-KGKGP,0,53,65.0,0,0,0.11333333333333333
7808-DVWEP,0,3,20.0,0,0,0.22333333333333333
2379-GYFLQ,0,46,94.9,0,0,0.10666666666666667
7325-ENZFI,0,39,40.3,0,0,0.02666666666666667
8800-ZKRFW,0,30,107.5,0,0,0.44333333333333336
9133-AYJZG,0,23,98.7,0,1,0.61
6772-WFQRD,0,40,20.4,0,0,0.06
9670-BPNXF,0,45,62.55,0,0,0.17
2675-IJRGJ,0,53,19.65,0,0,0.13333333333333333
4829-ZLJTK,1,72,112.4,0,0,0.056666666666666664
9950-MTGYX,0,28,20.3,0,0,0.0
9755-JHNMN,0,49,67.4,0,0,0.04
3746-EUBYR,0,1,74.6,1,1,0.7733333333333333
7929-DMBCV,0,20,81.0,0,0,0.22666666666666666
9640-ZSLDC,0,53,60.6,0,0,0.08
7197-VOJMM,0,67,69.2,0,0,0.023333333333333334
2696-NARTR,0,11,73.85,1,0,0.27666666666666667
0689-DSXGL,0,52,85.8,0,0,0.12333333333333334
7294-TMAOP,0,1,90.55,1,1,0.9566666666666667
6177-PEVRA,0,48,55.5,0,0,0.05
7410-YTJIK,0,7,75.45,1,1,0.58
1410-RSCMR,0,7,71.35,0,0,0.18666666666666668
8800-JOOCF,0,12,84.05,0,0,0.49666666666666665
4526-EXKKN,0,40,24.6,0,0,0.04666666666666667
0813-TAXXS,0,55,77.8,0,0,0.03333333333333333
2320-TZRRH,0,20,19.5,0,0,0.0
0841-NULXI,0,1,35.55,1,1,0.9733333333333334
2725-TTRIQ,0,72,84.2,0,0,0.0
4778-IZARL,0,63,110.1,0,0,0.15333333333333332
2535-PBCGC,0,70,64.55,0,0,0.0
3629-WEAAM,0,8,64.1,0,0,0.24
6128-CZOMY,0,1,45.65,1,1,0.9233333333333333
9227-UAQFT,0,16,19.75,0,0,0.01
0804-XBFBV,0,11,25.2,0,0,0.38333333333333336
4503-BDXBD,0,11,74.95,1,0,0.23
9626-VFRGG,0,41,88.5,0,0,0.25333333333333335
4994-OBRSZ,0,14,76.1,0,0,0.04666666666666667
3654-ARMGP,0,61,88.65,0,0,0.006666666666666667
0829-XXPLX,0,20,89.4,0,0,0.30666666666666664
8938-UMKPI,0,47,106.4,1,0,0.36
4854-SSLTN,0,2,59.5,0,0,0.10333333333333333
9720-JJJOR,0,41,60.3,0,0,0.08666666666666667
1926-QUZNN,0,72,25.25,0,0,0.0
4900-MSOMT,0,72,80.2,0,0,0.0033333333333333335
8910-ICHIU,0,46,95.65,0,0,0.12333333333333334
4892-VLANZ,0,1,19.8,1,1,0.5838066493354812
0076-LVEPS,0,29,45.0,0,0,0.12333333333333334
1666-JXLKU,0,37,100.05,0,1,0.7766666666666666
4003-FUSHP,0,19,61.55,0,0,0.12333333333333334
7696-AMHOD,0,49,78.0,0,0,0.056666666666666664
8082-GHXOP,0,13,44.0,0,0,0.18
5445-GLVOT,0,22,49.8,0,1,0.55
5195-KPUNQ,1,53,96.75,0,0,0.19
3948-XHGNA,0,24,49.55,1,0,0.24666666666666667
9624-EGDEQ,0,37,19.8,0,0,0.0
7551-DACSP,0,6,55.3,1,0,0.4
8128-YVJRG,0,7,79.65,1,0,0.16666666666666666
1038-ZAGBI,0,12,19.8,1,0,0.04
9153-BTBVV,0,71,25.0,0,0,0.0
9470-RTWDV,0,26,82.0,0,0,0.12333333333333334
7554-AKDQF,0,6,45.65,0,0,0.23
7241-AJHFS,0,32,87.65,0,0,0.15
9633-DENPU,0,47,58.6,0,0,0.16
5480-XTFFL,0,31,21.0,0,0,0.0033333333333333335
7803-XOCCZ,0,52,84.05,0,0,0.11666666666666667
6549-BTYPG,0,60,60.8,0,0,0.0033333333333333335
9114-AAFQH,0,48,65.65,0,0,0.09333333333333334
3572-UUHRS,0,45,18.85,0,0,0.03
7666-WKRON,0,39,80.45,1,0,0.18666666666666668
5192-EBGOV,1,1,85.7,1,1,0.8166666666666667
6502-MJQAE,0,1,69.6,1,1,1.0
6400-BWQKW,0,6,79.05,1,0,0.14333333333333334
5928-QLDHB,0,9,76.25,0,1,0.5466666666666666
4376-KFVRS,0,72,114.05,0,0,0.0
3528-HFRIQ,1,71,52.3,0,0,0.26
2718-YSKCS,0,71,19.6,0,0,0.0
2434-EEVDB,0,64,94.6,0,0,0.08666666666666667
6506-EYCNH,0,28,19.55,0,0,0.12333333333333334
3396-DKDEL,0,70,115.15,0,0,0.12666666666666668
3269-ATYWD,1,39,95.65,1,0,0.47
1159-WFSGR,0,16,20.4,0,0,0.03
9835-ZIITK,1,66,110.85,1,0,0.2833333333333333
9279-CJEOJ,1,21,95.4,0,1,0.5833333333333334
4720-VSTSI,0,44,84.8,1,0,0.37
1360-JYXKQ,1,54,99.1,0,0,0.24
8388-FYNPZ,0,4,56.75,0,0,0.24333333333333335
7868-TMWMZ,1,60,110.0,0,0,0.16333333333333333
3466-RITXD,0,26,92.4,0,1,0.5633333333333334
6427-FEFIG,0,24,78.6,0,0,0.02
6518-PPLMZ,0,53,19.4,0,0,0.03333333333333333
6762-NSODU,0,46,19.4,0,0,0.006666666666666667
4355-CVPVS,0,56,88.9,0,0,0.18666666666666668
7629-WIXZF,0,7,59.1,0,0,0.12
3049-NDXFL,0,1,85.8,1,1,0.8166666666666667
3566-HJGPK,0,1,45.55,0,1,0.82
1460-UZPRJ,0,60,19.95,0,0,0.0
3712-PKXZA,0,61,20.55,0,0,0.016666666666666666
1623-NLDOT,0,42,33.55,1,0,0.09333333333333334
5171-EPLKN,0,27,19.85,0,0,0.0
5569-KGJHX,0,9,85.35,1,1,0.7666666666666667
7463-IFMQU,0,72,20.05,0,0,0.0
3178-CIFOT,0,23,19.65,0,0,0.0
1095-JUDTC,1,47,95.05,1,0,0.32666666666666666
3719-TDVQB,1,54,18.95,0,0,0.016666666666666666
4929-XIHVW,1,2,95.5,0,1,0.8566666666666667
8106-GWQOK,0,38,60.0,0,0,0.043333333333333335
4128-ETESU,1,47,99.7,0,0,0.43
0661-WCQNQ,0,22,56.25,0,0,0.10666666666666667
4927-WWOOZ,0,2,91.45,0,1,0.84
7564-GHCVB,0,72,79.05,0,0,0.01
3445-HXXGF,1,58,45.3,1,0,0.36
6670-MFRPK,0,69,79.2,0,0,0.05
6890-PFRQX,0,18,69.5,0,0,0.09
1552-CZCLL,0,55,20.0,0,0,0.12
2014-MKGMH,0,46,101.1,0,0,0.2866666666666667
0303-WMMRN,0,5,19.25,0,0,0.09666666666666666
3806-DXQOM,0,4,33.65,1,0,0.4033333333333333
1724-BQUHA,1,5,89.5,1,0,0.47
2580-ATZSQ,0,65,61.35,0,0,0.056666666666666664
7945-PRBVF,0,35,21.45,0,0,0.006666666666666667
3898-GUYTS,1,45,97.05,0,0,0.23
2832-SCUCO,0,2,19.9,0,0,0.2758036465638149
9779-DPNEJ,0,22,80.15,0,1,0.5466666666666666
4915-BFSXL,0,70,68.95,0,0,0.04666666666666667
5018-LXQQG,0,30,66.3,0,0,0.05
1698-XFZCI,0,61,107.75,0,0,0.30333333333333334
1872-EBWSC,0,29,20.35,0,0,0.0
4446-BZKHU,0,61,105.55,1,0,0.42
4607-CHPCA,0,25,90.4,1,0,0.36333333333333334
9475-NNDGC,0,71,113.15,0,0,0.25333333333333335
3841-CONLJ,0,1,35.0,0,1,0.8366666666666667
2294-DMMUS,0,62,70.45,0,0,0.15
5921-NGYRH,0,64,73.55,0,0,0.16666666666666666
1897-OKVMW,0,64,90.6,0,0,0.0033333333333333335
5117-IFGPS,1,29,84.3,0,1,0.6666666666666666
3866-MDTUB,0,2,70.75,1,0,0.2966666666666667
1194-SPVSP,0,1,19.65,0,0,0.18
6905-NIQIN,0,1,50.65,1,1,0.5866666666666667
6813-GZQCG,0,45,24.65,0,0,0.02
9896-UYMIE,0,66,114.3,0,0,0.2
8849-GYOKR,0,54,106.55,1,0,0.37666666666666665
5816-JMLGY,0,70,80.4,0,0,0.0
3990-QYKBE,1,37,92.5,1,1,0.54
6161-UUUTA,1,3,79.9,1,1,0.6166666666666667
0396-UKGAI,0,23,55.3,0,0,0.08666666666666667
0512-FLFDW,1,60,100.5,0,0,0.4666666666666667
2946-KIQSP,0,35,33.45,0,0,0.09666666666666666
0187-WZNAB,0,27,74.4,0,0,0.23666666666666666
6867-ACCZI,0,24,52.5,0,0,0.02
7024-OHCCK,1,2,93.85,1,1,0.9666666666666667
6481-OGDOO,0,67,90.6,1,0,0.09
7377-DMMRI,0,2,47.8,1,1,0.54
1963-VAUKV,0,1,20.4,1,0,0.13718839345794548
5919-TMRGD,0,1,79.35,1,1,0.8733333333333333
6994-ORCWG,0,14,54.25,0,0,0.14333333333333334
5144-TVGLP,1,38,94.75,0,0,0.43666666666666665
0328-GRPMV,0,1,70.1,1,1,0.9149127676826284
2905-KFQUV,0,2,70.4,0,1,0.6166666666666667
8637-XJIVR,0,12,78.95,1,0,0.30333333333333334
5150-LJNSR,0,31,98.05,0,0,0.13333333333333333
4826-DXMUP,0,35,72.1,0,0,0.46
3518-FSTWG,1,72,109.55,0,0,0.02
2929-ERCFZ,0,8,94.2,1,0,0.3333333333333333
1455-UGQVH,0,10,98.5,1,1,0.9033333333333333
8485-GJCDN,1,5,69.05,1,1,0.5433333333333333
0459-SPZHJ,0,63,83.5,0,0,0.05
2169-RRLFW,0,71,25.6,0,0,0.0
8818-DOPVL,1,46,104.45,0,0,0.39
1207-BLKSA,0,52,23.05,0,0,0.0033333333333333335
7593-XFKDI,0,1,46.3,1,1,0.5266666666666666
5393-RXQSZ,0,1,79.6,1,1,0.98
5183-KLYEM,0,72,112.75,0,0,0.006666666666666667
0923-PNFUB,0,3,83.75,1,0,0.3566666666666667
4134-BSXLX,0,28,60.9,0,0,0.06666666666666667
1452-XRSJV,0,39,51.05,0,0,0.043333333333333335
4213-HKBJO,0,33,25.7,0,0,0.09333333333333334
7750-EYXWZ,0,12,60.65,0,0,0.13666666666666666
7180-PISOG,0,1,74.5,1,1,0.9
1356-MKYSK,0,6,78.65,0,0,0.19666666666666666
1212-GLHMD,0,3,86.05,0,0,0.41
7228-OMTPN,0,4,88.45,1,1,0.5433333333333333
7682-AZNDK,0,34,89.85,0,0,0.31333333333333335
6286-SUUWT,0,1,19.95,0,0,0.34752351159331224
3500-RMZLT,1,15,96.3,1,0,0.47
4729-XKASR,0,1,24.75,1,0,0.3566666666666667
8364-TRMMK,0,3,50.65,1,1,0.5766666666666667
1000-AJSLD,0,1,20.1,1,1,0.8
4393-OBCRR,0,3,20.25,0,0,0.042312730249693
0942-KOWSM,0,30,80.8,0,0,0.023333333333333334
0870-VEMYL,0,5,53.85,1,0,0.23333333333333334
3454-JFUBC,1,68,20.0,0,0,0.0033333333333333335
2592-YKDIF,0,1,20.35,0,0,0.14630329110319457
6941-PMGEP,0,5,80.0,1,1,0.7566666666666667
0511-JTEOY,0,1,71.1,1,0,0.3233333333333333
4323-ELYYB,0,13,20.0,0,0,0.02
9500-LTVBP,0,35,80.05,0,1,0.5766666666666667
8120-JDCAM,0,4,69.55,0,0,0.41
1335-NTIUC,0,9,24.95,0,0,0.45
6563-VNPMN,1,45,85.7,0,0,0.2
0668-OGMHD,0,21,28.5,0,0,0.2966666666666667
0311-UNPFF,0,26,88.8,1,0,0.38333333333333336
9282-IZGQK,0,1,85.0,1,1,0.9366666666666666
4695-WJZUE,1,2,88.55,1,1,0.9833333333333333
5527-ACHSO,0,11,70.5,0,0,0.3433333333333333
5140-FOMCQ,0,59,109.15,0,0,0.38666666666666666
0410-IPFTY,0,31,83.85,0,1,0.5266666666666666
1333-PBMXB,0,54,24.75,0,0,0.04666666666666667
1915-OAKWD,0,16,19.3,0,0,0.11
5707-ORNDZ,1,9,54.55,1,0,0.24
7969-AULMZ,0,21,97.35,1,1,0.6166666666666667
2700-LUEVA,0,1,20.75,0,0,0.02666666666666667
9099-FTUHS,0,23,54.4,0,0,0.4033333333333333
8699-ASUFO,1,7,74.4,1,1,0.5766666666666667
7181-OQCUT,0,21,103.85,0,1,0.5533333333333333
3096-YXENJ,0,65,107.65,0,0,0.1
2495-INZWQ,0,4,44.55,1,1,0.6733333333333333
2193-SFWQW,0,72,111.95,0,0,0.02666666666666667
3908-MKIMJ,1,68,41.95,0,0,0.09
6736-DHUQI,0,67,84.8,0,0,0.056666666666666664
2868-MZAGQ,0,1,79.25,1,1,0.9733333333333334
8905-IAZPF,0,69,95.65,0,0,0.16666666666666666
1215-FIGMP,0,60,89.9,0,0,0.37666666666666665
0772-GYEQQ,0,3,88.35,1,0,0.32666666666666666
9995-HOTOH,0,63,59.0,0,0,0.12333333333333334
7579-KKLOE,0,71,91.25,0,0,0.0
3594-UVONA,0,35,85.95,1,0,0.07333333333333333
6641-XRPSU,0,34,70.0,1,0,0.4066666666666667
5707-ZMDJP,0,53,69.7,0,0,0.043333333333333335
3307-TLCUD,0,17,34.4,0,0,0.13
4797-AXPXK,0,1,60.0,1,0,0.45
4869-EPIUS,0,56,80.9,0,0,0.25666666666666665
8563-IIOXK,0,7,49.75,1,0,0.07333333333333333
2773-OVBPK,0,67,111.3,0,0,0.3466666666666667
1353-LJWEM,0,11,60.9,0,0,0.18666666666666668
5868-YTYKS,0,1,20.25,0,0,0.38804818203888425
8713-IGZSO,0,2,24.85,0,0,0.09666666666666666
6050-FFXES,0,69,105.35,0,0,0.07666666666666666
9300-RENDD,0,1,79.95,1,1,0.8866666666666667
4183-MYFRB,0,21,90.05,0,1,0.51
3339-EAQNV,1,72,97.25,0,0,0.07333333333333333
2545-EBUPK,1,2,84.05,0,1,0.96
4990-ALDGW,0,57,20.75,0,0,0.03
0970-ETWGE,0,1,89.55,1,0,0.4766666666666667
3671-SHRSP,0,4,80.6,1,1,0.55
2308-STERM,0,2,19.4,0,0,0.19666666666666666
1219-NNDDO,0,9,76.85,0,1,0.51
3508-CFVZL,0,71,111.3,0,0,0.04666666666666667
3387-PLKUI,0,13,18.8,0,0,0.41
9702-AIUJO,0,50,44.8,0,0,0.11666666666666667
8337-UPOAQ,1,10,89.8,1,1,0.8066666666666666
1728-CXQBE,1,64,94.25,0,0,0.13333333333333333
5134-IKDAY,0,1,69.8,1,1,0.9357815643119158
9638-JIQYA,0,2,24.9,0,1,0.7
6647-ZEDXT,0,30,110.45,0,0,0.19
1579-KLYDT,0,7,90.45,1,1,0.7633333333333333
3985-HOYPM,0,26,19.4,0,0,0.0
6705-LNMDD,0,20,50.0,0,0,0.25
6917-FIJHC,0,72,26.0,0,0,0.0
4640-UHDOS,0,13,55.95,1,0,0.3
1414-YADCW,0,70,84.6,0,0,0.03333333333333333
5960-MVTUK,0,3,29.75,0,0,0.37666666666666665
0637-KVDLV,0,2,76.5,1,1,0.8
5451-YHYPW,1,72,115.75,0,0,0.0033333333333333335
5813-UECBU,1,33,83.85,1,0,0.30333333333333334
9947-OTFQU,1,15,74.4,1,1,0.7666666666666667
1816-FLZDK,0,1,29.15,0,0,0.24
3005-NFMTA,1,55,98.8,1,0,0.35333333333333333
4710-NKCAW,0,5,64.4,0,0,0.24
4290-BSXUX,0,3,79.65,1,1,0.6733333333333333
6266-QHOJZ,0,65,89.85,0,0,0.1
6047-SUHPR,0,39,59.8,0,0,0.09
6010-DDPPW,0,70,25.15,0,0,0.016666666666666666
4374-YMUSQ,0,34,116.25,0,0,0.19333333333333333
1958-RNRKS,0,30,49.9,0,0,0.12
7176-WIONM,0,12,49.85,0,1,0.66
9483-GCPWE,0,9,20.1,0,0,0.013333333333333334
1264-FUHCX,0,49,56.3,0,0,0.17666666666666667
8887-IPQNC,0,7,44.25,0,0,0.26666666666666666
2921-XWDJH,1,38,83.45,0,0,0.4633333333333333
5574-NXZIU,0,63,109.2,0,0,0.19
8644-XLFBW,1,1,71.65,1,0,0.3933333333333333
4811-JBUVU,0,30,89.9,0,0,0.36
8970-ANWXO,0,23,73.75,0,0,0.16333333333333333
0602-DDUML,0,57,69.75,0,0,0.043333333333333335
5671-RQRLP,1,70,75.65,0,0,0.11666666666666667
9959-WOFKT,0,71,106.7,0,0,0.07666666666666666
1208-NBVFH,0,20,49.6,0,0,0.24666666666666667
6976-BWGLQ,0,72,25.2,0,0,0.0
2178-PMGCJ,0,22,69.7,0,0,0.16666666666666666
7610-TVOPG,0,15,26.35,0,0,0.26
7240-ETPTR,0,9,48.75,1,1,0.6633333333333333
6518-LGAOV,0,38,105.0,1,0,0.38333333333333336
2826-DXLQO,1,7,29.8,0,0,0.35333333333333333
5949-HGVJL,0,26,73.05,0,0,0.09
3489-VSFRD,0,56,60.25,0,0,0.19666666666666666
2812-REYAT,0,49,20.05,0,0,0.02666666666666667
9633-XQABV,0,3,70.25,0,1,0.6033333333333334
4102-OQUPX,1,1,74.4,1,1,0.8666666666666667
2900-PHPLN,1,70,19.55,0,0,0.01
9894-QMIMJ,0,23,55.8,0,0,0.03333333333333333
7596-ZYWBB,0,65,59.6,0,0,0.023333333333333334
5440-FLBQG,1,69,108.4,1,0,0.21
3063-QFSZL,0,1,55.4,1,0,0.19
4873-ILOLJ,0,24,90.35,1,0,0.4633333333333333
3003-CMDUU,0,25,95.15,0,0,0.3233333333333333
7279-NMVJC,0,17,19.9,0,0,0.06
6478-HRRCZ,0,32,70.5,0,0,0.05
3678-MNGZX,0,68,19.95,0,0,0.0
5902-WBLSE,0,70,20.15,0,0,0.0
7722-CVFXN,0,54,105.2,0,0,0.18333333333333332
2223-KAGMX,0,15,19.4,1,0,0.3233333333333333
9803-FTJCG,0,71,66.85,0,0,0.016666666666666666
6060-QBMGV,0,70,19.85,0,0,0.0
2858-EIMXH,1,53,95.85,0,0,0.36666666666666664
4741-WWJQZ,0,2,80.15,0,1,0.5966666666666667
9845-PEEKO,1,59,79.2,0,0,0.07
9167-APMXZ,0,22,84.15,0,0,0.4
9800-ONTFE,0,22,75.8,0,0,0.39666666666666667
3621-CHYVB,0,57,49.9,0,0,0.23
3177-LASXD,0,1,71.35,1,1,0.5966666666666667
1465-VINDH,0,10,102.1,1,0,0.47
2055-SIFSS,1,55,51.65,0,0,0.13666666666666666
0804-YGEQV,0,43,24.45,0,0,0.01
3346-BRMIS,1,18,48.35,1,1,0.6
3130-ICDUP,0,2,80.55,0,0,0.5
0732-OCQOC,0,52,25.05,0,0,0.01
4012-YCFAI,0,60,61.35,0,0,0.01
7346-MEDWM,0,59,83.25,0,0,0.36666666666666664
7036-TYDEC,0,69,104.0,0,0,0.14333333333333334
6615-NGGZJ,0,14,100.55,1,1,0.7366666666666667
3441-CGZJH,0,43,60.4,0,0,0.06333333333333334
0208-BPQEJ,0,12,19.4,0,0,0.20333333333333334
2229-DPMBI,0,8,19.5,0,0,0.006666666666666667
7159-FVYPK,0,3,69.15,0,0,0.36666666666666664
7544-ZVIKX,0,58,105.05,0,0,0.24333333333333335
6366-XIVKZ,0,13,63.15,0,0,0.18333333333333332
7137-NAXML,0,23,20.15,0,0,0.05333333333333334
7126-RBHSD,0,17,78.9,0,0,0.44
1428-IEDPR,0,52,109.3,0,0,0.33666666666666667
9465-RWMXL,0,32,78.9,1,0,0.3933333333333333
2908-ZTPNF,0,36,34.85,0,0,0.19333333333333333
4176-RELJR,1,67,25.1,0,0,0.0
3001-UNBTL,1,29,103.95,0,1,0.6
6067-NGCEU,0,65,111.05,0,0,0.10666666666666667
2479-BRAMR,1,41,83.75,1,0,0.37
3161-ONRWK,0,60,65.85,0,0,0.023333333333333334
6349-JDHQP,0,53,19.85,0,0,0.02666666666666667
1619-YWUBB,0,68,24.95,0,0,0.0033333333333333335
2761-OCIAX,1,2,74.7,1,0,0.41333333333333333
2683-JXWQQ,0,61,33.6,0,0,0.19333333333333333
9585-KKMFD,0,41,20.0,0,0,0.0033333333333333335
7524-VRLPL,1,69,74.1,0,0,0.03666666666666667
3780-DDGSE,1,35,76.05,0,0,0.15
2207-OBZNX,0,7,51.0,1,0,0.11333333333333333
0023-UYUPN,1,50,25.2,0,0,0.04666666666666667
5975-BAICR,0,36,63.7,0,0,0.07666666666666666
2669-OIDSD,0,48,100.05,0,0,0.2966666666666667
8146-QQKZH,0,71,81.85,0,0,0.0
2307-FYNNL,1,65,109.05,0,0,0.14
2985-FMWYF,0,23,93.5,0,0,0.4633333333333333
5387-ASZNZ,1,66,63.85,0,0,0.09666666666666666
5349-AZPEW,0,5,25.05,0,0,0.3333333333333333
9481-IEBZY,1,72,112.9,0,0,0.23
9818-XQCUV,0,2,20.35,0,0,0.0962085595884767
3750-RNQKR,0,12,19.45,0,0,0.023333333333333334
5442-UTCVD,0,3,91.85,1,1,0.6033333333333334
3649-JPUGY,0,72,88.6,0,0,0.016666666666666666
2195-VVRJF,1,18,59.1,0,0,0.22666666666666666
1271-UODNO,0,39,53.85,0,0,0.09
0118-JPNOY,1,26,85.8,0,0,0.39666666666666667
9499-XPZXM,0,72,64.75,0,0,0.09666666666666666
7343-EOBEU,0,3,23.6,0,0,0.23333333333333334
3877-JRJIP,0,1,59.85,1,1,0.5633333333333334
5498-TXHLF,0,34,87.45,1,0,0.34
3969-GYXEL,0,11,76.4,0,0,0.30666666666666664
5730-DBDSI,0,66,19.7,0,0,0.023333333333333334
2868-SNELZ,0,2,80.6,1,1,0.6233333333333333
7797-EJMDP,0,8,66.05,0,0,0.15333333333333332
4067-HLYQI,0,33,70.4,0,1,0.5133333333333333
4231-LZUYM,0,72,25.65,0,0,0.0
3638-WEABW,0,58,59.9,0,0,0.02
5060-TQUQN,0,30,83.55,0,0,0.21333333333333335
7802-EFKNY,0,5,24.95,1,0,0.3433333333333333
7576-JMYWV,1,46,110.2,0,0,0.29
3496-LFSZU,0,4,70.5,0,1,0.61
4795-WRNVT,0,40,65.1,0,0,0.26
3938-YFPXD,0,72,84.3,0,0,0.0033333333333333335
6651-AZVTJ,0,49,99.8,1,1,0.63
3658-KIBGF,0,1,54.9,1,0,0.44333333333333336
4143-HHPMK,0,52,85.35,1,0,0.4
4821-WQOYN,0,72,20.1,0,0,0.0
4291-HYEBC,1,28,39.1,0,0,0.21666666666666667
8849-AYPTR,0,33,91.25,0,0,0.21666666666666667
3898-BSJYF,0,10,73.55,0,0,0.16333333333333333
7562-GSUHK,0,16,93.2,1,0,0.28
3523-QRQLL,0,22,69.5,1,0,0.17
9661-JALZV,0,58,24.7,0,0,0.023333333333333334
4670-TABXH,0,72,109.75,0,0,0.14666666666666667
7966-YOTQW,0,10,54.5,0,0,0.20666666666666667
3694-GLTJM,0,5,19.65,0,0,0.2
8835-VSDSE,0,2,70.7,1,0,0.47
3721-CNEYS,0,2,70.95,1,1,0.6133333333333333
9667-TKTVZ,0,2,54.35,0,1,0.6133333333333333
2927-CVULT,0,53,104.05,0,0,0.22333333333333333
6595-YGXIT,1,25,88.95,1,1,0.8333333333333334
0864-FVJNJ,0,64,113.35,0,0,0.14333333333333334
4537-DKTAL,0,2,45.55,0,0,0.44333333333333336
3466-WAESX,0,16,69.1,0,0,0.23
2483-XSSMZ,0,39,47.85,0,0,0.06
4163-KIUHY,0,35,25.6,0,0,0.07666666666666666
8486-AYEQH,0,31,76.05,0,0,0.4166666666666667
0516-WJVXC,0,5,54.2,1,0,0.22
5304-EFJLP,1,72,111.65,0,0,0.04
4137-BTIKL,0,2,90.75,0,0,0.48
2863-IMQDR,0,61,89.65,0,0,0.013333333333333334
2930-UOTMB,0,31,65.25,1,0,0.10333333333333333
5673-TIYIB,0,2,40.4,1,1,0.6133333333333333
3645-DEYGF,0,1,20.75,0,0,0.14491276768262853
1099-GODLO,0,1,20.35,0,0,0.09333333333333334
1955-IBMMB,0,59,20.2,0,0,0.02666666666666667
6857-VWJDT,0,1,95.65,1,1,0.7366666666666667
6410-LEFEN,0,9,45.15,1,0,0.33666666666666667
6692-UDPJC,0,14,91.65,1,1,0.5366666666666666
7858-GTZSP,0,12,86.55,0,1,0.65
5232-NXPAY,0,47,74.45,0,0,0.05333333333333334
1355-KUSBG,0,7,48.8,0,0,0.2833333333333333
1174-FGIFN,0,28,90.45,0,0,0.30333333333333334
8750-QWZAJ,0,70,19.8,0,0,0.0
7850-THJMU,0,26,19.65,0,0,0.0
0310-MVLET,0,61,99.15,1,0,0.35
2623-DRYAM,0,70,101.75,0,0,0.10333333333333333
1905-OEILC,0,1,19.5,0,1,0.6666666666666666
6899-PPEEA,1,37,96.55,1,1,0.7366666666666667
3104-OWCGK,0,60,90.95,1,0,0.19333333333333333
5287-QWLKY,1,71,105.1,1,0,0.07666666666666666
2603-HVKCG,0,31,101.4,0,0,0.36666666666666664
9845-QOMAD,0,14,19.75,0,0,0.023333333333333334
4816-OKWNX,0,50,103.4,0,0,0.20666666666666667
9103-CXVOK,0,1,19.75,0,0,0.4594896984581798
2845-AFFTX,1,41,99.8,1,1,0.6466666666666666
7776-QWNFX,1,30,50.4,1,0,0.12333333333333334
1468-DEFNC,1,64,24.4,0,0,0.0
7905-NJMXS,1,7,64.2,0,0,0.19
1866-OBPNR,0,1,74.6,0,0,0.4766666666666667
3720-DBRWL,0,51,83.85,0,0,0.006666666666666667
5073-RZGBK,0,50,80.05,0,0,0.07666666666666666
0129-QMPDR,0,44,20.5,0,0,0.013333333333333334
2560-PPCHE,0,65,105.05,0,0,0.09666666666666666
1496-GGSUK,1,1,25.7,1,1,0.8866666666666667
4671-LXRDQ,0,2,45.0,1,1,0.57
9432-RUVSL,0,48,102.5,0,0,0.13333333333333333
3992-YWPKO,0,6,109.9,1,1,0.5366666666666666
8980-WQFWL,0,35,62.1,0,0,0.19
0212-ISBBF,0,22,50.35,0,0,0.2633333333333333
7722-VJRQD,0,72,60.95,0,0,0.006666666666666667
4135-FRWKJ,1,55,76.25,0,0,0.06333333333333334
5161-UBZXI,0,69,106.35,0,0,0.05333333333333334
5327-XOKKY,1,72,73.45,0,0,0.09
3988-RQIXO,1,1,91.3,1,1,0.9666666666666667
0479-HMSWA,0,26,105.45,0,0,0.18666666666666668
6923-AQONU,0,23,20.9,0,0,0.0
5562-YJQGT,0,2,20.35,0,0,0.10333333333333333
7598-UAASY,0,2,76.4,1,1,0.7333333333333333
7251-LJBQN,1,40,103.75,0,0,0.18
4910-GMJOT,0,1,94.6,1,1,0.95
0257-ZESQC,1,27,75.2,1,0,0.25666666666666665
4765-OXPPD,0,9,65.0,1,0,0.26
6583-QGCSI,1,50,88.05,1,1,0.5033333333333333
9805-FILKB,0,46,20.2,0,0,0.02
2706-QZIHY,0,15,25.2,0,0,0.006666666666666667
7673-LPRNY,0,23,78.55,0,0,0.09666666666666666
6778-YSNIH,0,2,59.0,0,0,0.38
9050-QLROH,0,18,90.7,1,0,0.35333333333333333
0707-HOVVN,1,70,75.5,0,0,0.02
7102-JJVTX,0,9,48.6,0,0,0.04
1810-MVMAI,0,30,67.6,0,0,0.12
7993-NQLJE,0,15,75.1,0,0,0.37
9281-OFDMF,1,39,90.7,0,0,0.36
6789-HJBWG,0,12,49.4,0,0,0.11
2139-FQHLM,0,19,89.95,0,0,0.27666666666666667
3723-BFBGR,1,24,54.8,0,0,0.16666666666666666
0639-TSIQW,0,67,102.95,1,0,0.17333333333333334
8626-PTQGE,0,69,60.05,0,0,0.02666666666666667
3541-ZNUHK,0,55,85.1,0,0,0.24666666666666667
4568-KNYWR,0,52,63.25,0,0,0.03333333333333333
9658-WYUFB,0,17,94.4,1,1,0.6766666666666666
0997-YTLNY,0,19,48.8,0,0,0.19333333333333333
3208-YPIOE,0,39,75.25,1,0,0.30666666666666664
7707-PYBBH,0,40,61.9,0,0,0.17333333333333334
9313-QOLTZ,0,26,20.9,0,0,0.016666666666666666
6654-QGBZZ,0,1,19.9,0,1,0.5096076798424866
6877-LGWXO,1,18,78.55,1,0,0.4066666666666667
8020-BWHYL,1,15,75.3,1,1,0.51
3594-IVHJZ,0,2,20.45,0,0,0.031937929436762255
9507-EXLTT,0,1,79.35,1,1,0.8566666666666667
9793-WECQC,0,23,95.3,0,0,0.31
1266-NZYUI,0,72,66.85,0,0,0.14666666666666667
2342-CKIAO,0,2,20.3,0,0,0.0662085595884767
6963-EZQEE,1,70,88.55,0,0,0.0
2796-NNUFI,0,46,19.95,0,0,0.0033333333333333335
3486-NPGST,0,36,19.55,0,0,0.0
9070-BCKQP,0,72,110.15,0,0,0.013333333333333334
7742-MYPGI,0,6,48.8,0,0,0.37
9929-PLVPA,0,4,20.4,0,0,0.11333333333333333
9124-LHCJQ,0,1,85.45,1,1,0.9133333333333333
2792-LSHWX,0,1,83.4,0,1,0.6461563651248464
9330-IJWIO,0,13,100.35,1,1,0.83
0617-AQNWT,0,64,47.85,1,0,0.006666666666666667
0895-UADGO,0,8,44.55,0,0,0.06666666666666667
7255-SSFBC,0,72,112.25,0,0,0.043333333333333335
5834-ASPWA,0,1,75.45,1,1,0.86
4132-KALRO,0,4,100.85,0,1,0.7366666666666667
8064-RAVOH,0,1,49.85,0,1,0.7766666666666666
8028-PNXHQ,0,62,24.25,0,0,0.0
9508-ILZDG,1,34,96.35,0,0,0.38666666666666666
4361-JEIVL,0,1,44.4,1,0,0.38666666666666666
2430-USGXP,0,24,101.05,1,1,0.6466666666666666
5965-GGPRW,0,72,105.25,0,0,0.016666666666666666
2542-HYGIQ,0,1,19.95,0,0,0.222855649384217
1035-IPQPU,1,63,103.5,0,0,0.17333333333333334
3617-XLSGQ,0,66,109.25,0,0,0.10666666666666667
9107-UKCKY,0,61,79.8,0,0,0.12333333333333334
5146-YYFRZ,0,67,19.95,0,0,0.0
5649-VUKMC,0,12,95.5,1,0,0.24666666666666667
3472-OAOOR,0,19,34.95,0,0,0.15
0397-ZXWQF,0,67,20.5,0,0,0.0
1346-UFHAX,0,13,80.0,0,0,0.14666666666666667
7252-NTGSS,0,1,45.15,0,0,0.43
3198-VELRD,0,3,84.75,1,1,0.8566666666666667
3407-QGWLG,0,3,20.05,0,0,0.11
9874-QLCLH,0,17,104.2,1,1,0.6933333333333334
8668-KNZTI,0,52,53.75,0,0,0.05
8249-THVEC,0,51,19.4,0,0,0.0033333333333333335
6060-DRTNL,1,5,84.85,1,0,0.43333333333333335
6773-LQTVT,1,29,35.65,0,0,0.23
7853-GVUDZ,0,1,20.15,1,0,0.4166666666666667
4897-QSUYC,0,1,20.15,1,1,0.7559511303117955
5197-PYEPU,0,42,94.45,0,0,0.13
3785-NRHYR,0,1,19.65,0,1,0.7857815643119158
6087-MVHJH,0,16,88.45,1,1,0.6066666666666667
1685-VAYJF,0,11,45.2,0,0,0.4166666666666667
9912-GVSEQ,1,26,93.85,1,1,0.74
4636-OLWOE,0,54,61.0,0,0,0.043333333333333335
9600-UDOPK,0,30,94.05,1,0,0.44
8631-NBHFZ,1,66,79.4,1,0,0.02
1053-MXTTK,0,72,108.65,0,0,0.07333333333333333
3549-ZTMNH,0,12,24.0,0,0,0.02
7825-ECJRF,0,19,106.6,1,0,0.33
6439-LAJXL,0,9,68.95,0,0,0.19666666666666666
4075-WKNIU,0,0,73.35,0,0,0.15333333333333332
8042-RNLKO,0,66,25.45,0,0,0.07666666666666666
4881-JVQOD,1,10,34.55,0,0,0.4066666666666667
9593-CVZKR,0,56,24.45,0,0,0.023333333333333334
9972-EWRJS,0,67,19.25,0,0,0.0033333333333333335
9888-ZCUMM,0,64,60.05,0,0,0.02
1265-ZFOSD,0,64,81.3,0,0,0.0
6078-VESFR,1,13,70.45,0,0,0.35
0306-JAELE,0,5,96.1,1,1,0.66
7075-BNDVQ,0,4,35.0,0,0,0.25
2208-MPXIO,0,45,20.0,0,0,0.006666666666666667
3096-GKWEB,0,18,94.75,0,1,0.5233333333333333
7404-JLKQG,0,3,57.55,0,1,0.5233333333333333
5049-GLYVG,0,1,20.6,1,0,0.24964150491253292
6704-UTUKK,0,29,45.9,0,0,0.18666666666666668
9397-TZSHA,0,69,24.6,0,0,0.013333333333333334
4686-UXDML,0,21,99.85,0,1,0.6
3808-HFKDE,0,20,44.35,0,0,0.24333333333333335
3580-HYCSP,0,72,110.3,0,0,0.023333333333333334
9795-VOWON,0,7,24.35,0,0,0.41
2159-TURXX,0,5,20.05,0,0,0.06
0096-BXERS,0,6,50.35,0,0,0.31666666666666665
6507-DTJZV,0,13,66.4,0,0,0.21
9962-BFPDU,0,1,20.05,0,1,0.6413742752878242
4587-NUKOX,0,3,79.1,1,0,0.25333333333333335
4060-LDNLU,0,7,96.2,0,1,0.88
2379-ENZGV,0,6,84.85,1,1,0.7966666666666666
4877-EVATK,0,1,20.0,1,0,0.28271107570020965
9442-JTWDL,0,11,20.05,0,0,0.01
2748-MYRVK,0,63,99.9,1,0,0.19
3966-HRMZA,1,3,75.05,0,0,0.4066666666666667
2862-JVEOY,0,6,19.15,0,0,0.05
9489-DEDVP,0,70,69.2,0,0,0.02
9469-WEJBT,0,37,90.35,0,0,0.27666666666666667
2384-OVPSA,1,38,20.2,0,0,0.01
2186-QZEYA,1,29,58.55,0,0,0.20333333333333334
6202-JVYEU,0,9,19.9,0,0,0.016666666666666666
6419-ZTTLE,1,23,20.75,0,0,0.04
1891-UAWWU,1,20,90.8,1,0,0.36666666666666664
6963-KQYQB,0,70,24.05,0,0,0.0033333333333333335
2521-NPUZR,0,70,101.0,0,0,0.06333333333333334
8242-SOQUO,1,5,84.7,0,1,0.5266666666666666
9823-EALYC,0,72,80.85,0,0,0.0
2314-TNDJQ,0,72,55.65,0,0,0.006666666666666667
9714-EDSUC,0,4,94.9,0,0,0.48
1383-EZRWL,0,7,20.05,1,0,0.056666666666666664
6617-WLBQC,0,23,81.85,0,0,0.11333333333333333
6652-YFFJO,0,11,64.9,0,0,0.23333333333333334
1401-FTHFQ,0,23,20.0,0,0,0.0033333333333333335
1803-BGNBD,0,12,54.3,0,0,0.26
1470-PSXNM,0,49,93.65,0,0,0.09666666666666666
9185-TQCVP,0,14,85.15,1,1,0.7733333333333333
6481-LXPWL,0,56,36.1,0,0,0.07
5066-GFJMM,0,3,19.9,0,0,0.12666666666666668
7519-JTWQH,0,69,110.5,0,0,0.18333333333333332
9957-YODKZ,1,6,80.8,0,1,0.8266666666666667
8430-TWCBX,0,49,20.7,0,0,0.07666666666666666
5955-ERIHD,0,18,94.7,1,1,0.5133333333333333
5186-SAMNZ,1,1,69.5,1,1,0.8633333333333333
5759-RCVCB,0,3,35.2,1,0,0.33666666666666667
0220-EBGCE,0,2,85.85,1,1,0.85
7427-AUFPY,0,54,19.65,0,0,0.03
3221-CJMSG,0,24,51.1,0,0,0.056666666666666664
4194-FJARJ,0,54,60.0,0,0,0.05
8138-EALND,0,15,19.75,0,0,0.043333333333333335
8345-MVDYC,0,45,81.65,0,0,0.02
6119-SPUDB,0,46,38.25,0,0,0.013333333333333334
1202-KKGFU,0,12,54.2,0,0,0.21666666666666667
6556-DBKZF,0,71,76.05,0,0,0.17
6339-DKLMK,0,13,31.65,0,0,0.4533333333333333
1977-STDKI,1,1,73.0,1,1,0.6
4001-TSBTV,0,58,91.55,0,0,0.2833333333333333
7912-SYRQT,0,7,75.1,1,0,0.43
4779-ZGICK,0,48,23.55,0,0,0.0033333333333333335
0670-ANMUU,0,71,97.65,0,0,0.21333333333333335
8735-NBLWT,0,9,20.4,0,0,0.04666666666666667
8930-XOTDP,0,18,55.95,0,0,0.33666666666666667
6380-ARCEH,0,1,20.2,0,0,0.4703979161181935
1167-OYZJF,1,67,20.05,0,0,0.0
1628-BIZYP,0,1,85.0,0,1,0.8933333333333333
6284-KMNUF,0,56,98.0,0,0,0.12
4676-WLUHT,0,54,46.2,0,0,0.03
2138-VFAPZ,0,14,19.7,0,0,0.01
8648-PFRMP,1,14,46.35,0,1,0.52
8097-VBQTZ,0,54,69.9,0,0,0.07666666666666666
6087-YPWHO,0,72,68.15,0,0,0.03333333333333333
8109-YUOHE,0,17,56.1,0,0,0.03
3807-XHCJH,0,1,20.0,0,1,0.6941904881719446
0524-IAVZO,0,30,85.0,1,1,0.6
8957-THMOA,0,50,20.15,0,0,0.016666666666666666
7521-YXVZY,0,3,19.95,0,0,0.08
7077-XJMET,0,12,74.15,0,0,0.3433333333333333
9625-QSTYE,0,13,81.15,1,1,0.5933333333333334
7924-GJZFI,1,25,69.3,0,0,0.41
2034-GDRCN,0,2,90.4,1,1,0.8933333333333333
4186-ZBUEW,0,36,70.7,0,0,0.30666666666666664
4026-SKKHW,0,3,50.25,0,0,0.13666666666666666
8548-AWOFC,0,66,63.85,0,0,0.07333333333333333
0680-DFNNY,0,15,101.1,1,1,0.6866666666666666
7501-IWUNG,0,61,73.8,0,0,0.03
7176-WRTNX,0,70,114.95,0,0,0.23
8450-UYIBU,1,35,39.85,0,1,0.5733333333333334
1794-HBQTJ,0,1,48.6,1,0,0.17333333333333334
1862-QRWPE,0,48,20.65,0,0,0.013333333333333334
2996-XAUVF,0,70,40.05,0,0,0.08666666666666667
7145-FEJWU,0,12,105.3,0,1,0.5833333333333334
6710-HSJRD,0,61,114.1,0,0,0.24333333333333335
7530-HDYDS,0,38,84.25,1,0,0.2866666666666667
8042-JVNFH,0,1,71.35,1,0,0.5
5127-BZENZ,0,56,65.2,0,0,0.06
0876-WDUUZ,0,5,85.4,1,1,0.5933333333333334
0356-ERHVT,0,11,45.9,0,0,0.25
9912-OMZDS,0,59,106.15,0,0,0.23
2275-RBYQS,0,1,45.4,0,1,0.85
0917-EZOLA,1,72,104.15,1,0,0.11
2749-CTKAJ,0,22,20.15,0,0,0.0
5160-UXJED,0,17,44.6,0,0,0.08
7244-QWYHG,0,50,44.45,0,0,0.043333333333333335
4226-KKDON,0,8,66.65,0,0,0.18333333333333332
7018-FPXHH,0,56,59.8,0,0,0.02666666666666667
9897-KXHCM,0,3,80.3,1,1,0.5533333333333333
1222-KJNZD,0,40,20.4,0,0,0.02
2452-KDRRH,1,67,101.4,0,0,0.4266666666666667
6892-EZDTG,0,4,91.65,1,1,0.8733333333333333
6980-CDGFC,0,67,20.85,0,0,0.09333333333333334
5071-FBJFS,0,4,50.3,0,0,0.4
4018-PPNDW,0,61,24.1,0,0,0.0033333333333333335
9066-QRSDU,0,69,26.3,0,0,0.013333333333333334
0318-ZOPWS,0,49,20.15,0,0,0.0
0419-YAAPX,0,49,85.3,0,0,0.22333333333333333
9786-IJYDL,0,35,113.2,0,0,0.16
4195-PNGZS,0,69,24.45,0,0,0.0
9372-TXXPS,0,60,59.85,0,0,0.03333333333333333
7734-DBOAI,0,1,40.1,1,0,0.44
2858-MOFSQ,0,17,55.85,1,0,0.14333333333333334
8180-AKMJV,0,1,44.55,0,1,0.76
2690-DVRVK,0,5,20.55,0,0,0.01
1790-NESIO,0,13,20.4,0,0,0.0033333333333333335
8083-YTZES,0,4,74.35,1,1,0.82
0661-KBKPA,0,53,78.75,0,0,0.11666666666666667
4139-DETXS,0,72,64.45,0,0,0.0
1395-WSWXR,0,24,20.75,0,0,0.0
9546-KDTRB,0,19,24.7,0,0,0.13
4291-HPAXL,0,1,19.85,0,1,0.7037553693066717
6198-ZFIOJ,0,5,75.6,0,1,0.8666666666666667
7472-EQOAV,1,71,86.7,0,0,0.056666666666666664
5997-OPVFA,0,72,89.05,0,0,0.0
5236-XMZJY,0,42,59.65,0,0,0.13
3873-NFTGI,0,14,55.5,0,0,0.29
8695-WDYEA,0,1,51.25,0,0,0.21333333333333335
4342-HENTK,1,2,70.65,1,1,0.88
8580-QVLOC,1,72,92.45,1,0,0.0
3143-JQEGI,0,13,88.35,1,0,0.43333333333333335
4465-VDKIQ,0,18,77.8,0,0,0.26
0824-VWDPO,0,45,96.75,0,0,0.11333333333333333
3162-KKZXO,1,55,100.15,0,1,0.7166666666666667
8445-DNBAE,0,1,50.05,0,0,0.4033333333333333
2111-DWYHN,0,1,21.1,0,0,0.32444084468738726
2662-NNTDK,0,65,24.8,0,0,0.09
7502-BNYGS,0,46,69.1,0,0,0.19
5372-FBKBN,0,21,20.75,0,0,0.0
4597-NUCQV,1,24,101.25,1,1,0.6533333333333333
0020-JDNXP,0,34,61.25,0,0,0.043333333333333335
6599-GZWCM,0,13,74.65,0,0,0.15666666666666668
4342-HFXWS,0,48,69.7,0,0,0.11333333333333333
5035-PGZXH,0,56,106.8,0,0,0.39
8216-AZUUZ,0,42,100.4,0,0,0.2633333333333333
5542-DHSXL,0,4,54.7,0,0,0.2
8498-XXGWA,0,65,55.15,0,0,0.08666666666666667
6542-LWGXJ,0,3,25.0,0,0,0.47
6248-TKCQV,0,70,80.6,0,0,0.03666666666666667
3068-OMWZA,1,1,88.8,1,1,0.9333333333333333
2430-RRYUW,0,66,54.8,0,0,0.03
8292-TYSPY,0,19,55.0,1,0,0.10666666666666667
4589-IUAJB,0,70,24.25,0,0,0.0
5693-PIPCS,0,41,99.65,0,0,0.05
7446-KQISO,0,45,109.75,0,0,0.2733333333333333
0048-PIHNL,0,49,20.45,0,0,0.07333333333333333
6284-AHOOQ,1,22,90.5,1,0,0.32666666666666666
2805-EDJPQ,0,56,99.75,0,0,0.12666666666666668
9103-TCIHJ,0,15,55.7,1,0,0.15
9402-ROUMJ,0,67,100.25,0,0,0.20333333333333334
5562-BETPV,0,1,19.65,0,0,0.11666666666666667
3167-SNQPL,1,38,101.15,0,0,0.39666666666666667
0810-DHDBD,0,52,74.0,0,0,0.04666666666666667
1776-SPBWV,0,34,20.1,0,0,0.013333333333333334
9537-JALFH,0,69,19.9,0,0,0.0
0702-PGIBZ,0,4,101.7,1,1,0.8466666666666667
3055-VTCGS,0,63,58.55,0,0,0.043333333333333335
9548-LERKT,0,24,19.75,0,0,0.0033333333333333335
6794-HKIAJ,0,62,90.7,0,0,0.09666666666666666
9531-NSBMR,0,36,19.25,0,0,0.01
6368-NWMCE,0,38,68.15,0,0,0.11666666666666667
0643-OKLRP,1,47,80.35,1,0,0.4866666666666667
9948-YPTDG,0,38,79.45,1,0,0.35
4879-GZLFH,0,42,92.15,0,0,0.28
8098-TDCBU,0,42,25.25,0,0,0.006666666666666667
5122-CYFXA,0,3,75.3,0,0,0.5
9889-TMAHG,1,8,100.3,1,1,0.5966666666666667
5357-TZHPP,1,9,84.4,1,1,0.79
1474-JUWSM,0,58,68.4,0,0,0.06
8399-YNDCH,1,21,60.05,1,0,0.13
3847-BAERP,0,10,20.9,0,0,0.01
9402-CXWPL,0,70,98.9,0,0,0.20333333333333334
5049-MUBWG,0,26,75.0,0,0,0.03333333333333333
4039-HEUNW,1,36,96.5,1,0,0.45
5803-NQJZO,0,72,67.8,0,0,0.013333333333333334
4116-TZAQJ,0,9,74.25,1,0,0.22
9094-AZPHK,0,15,100.15,0,1,0.8466666666666667
6121-TNHBO,1,63,83.0,0,0,0.09
1564-HJUVY,0,4,63.75,0,0,0.22
7407-SUJIZ,0,25,20.6,0,0,0.0
5468-BPMMO,0,46,19.6,0,0,0.06666666666666667
9168-INPSZ,1,44,104.15,0,0,0.4166666666666667
8942-DBMHZ,0,12,20.45,0,0,0.013333333333333334
8705-WZCYL,0,1,44.8,0,0,0.2633333333333333
0322-YINQP,0,1,48.55,1,0,0.12666666666666668
7000-WCEVQ,1,20,61.6,1,0,0.14666666666666667
9739-JLPQJ,0,72,117.5,0,0,0.11333333333333333
2794-XIMMO,0,53,60.45,1,0,0.10333333333333333
9565-AXSMR,0,52,19.2,0,0,0.043333333333333335
2880-FPNAE,1,2,74.2,0,1,0.6166666666666667
3316-UWXUY,0,50,93.5,0,0,0.20333333333333334
9824-BEMCV,0,17,69.0,1,1,0.5033333333333333
3256-EZDBI,1,51,29.45,0,0,0.24333333333333335
1226-IENZN,1,16,78.75,0,1,0.5466666666666666
2823-LKABH,0,18,95.05,0,0,0.2733333333333333
6161-ERDGD,0,71,85.45,0,0,0.13
2137-DQMEV,0,68,44.8,0,0,0.06666666666666667
2424-WVHPL,1,1,74.7,0,0,0.37333333333333335
9945-PSVIP,0,25,18.7,0,0,0.01
2840-XANRC,1,24,93.15,1,0,0.4533333333333333
8008-HAWED,0,14,50.75,1,0,0.4633333333333333
0412-UCCNP,0,55,59.2,0,0,0.05333333333333334
6402-SSEJG,0,25,61.05,0,0,0.09
8049-WJCLQ,0,10,60.2,0,0,0.25333333333333335
2830-LEWOA,0,61,103.9,0,0,0.12666666666666668
9780-FKVVF,0,6,59.15,0,0,0.07
5014-GSOUQ,0,13,19.95,0,0,0.0033333333333333335
0396-HUJBP,0,2,19.3,0,0,0.06
8356-WUAOJ,0,1,45.0,0,1,0.72
5442-BHQNG,0,2,70.35,0,1,0.8133333333333334
5655-JSMZM,1,49,96.2,1,1,0.8333333333333334
7065-YUNRY,0,1,45.3,1,1,0.7566666666666667
5161-XEUVX,0,37,94.3,0,0,0.13
9068-FHQHD,0,40,20.15,0,0,0.0033333333333333335
8017-LXHFA,1,23,94.75,1,1,0.5666666666666667
0786-IVLAW,1,66,108.1,0,0,0.18666666666666668
6100-QQHEB,0,17,92.55,1,0,0.4533333333333333
2642-DTVCO,1,9,85.05,1,1,0.8866666666666667
0147-ESWWR,1,39,101.25,0,0,0.37666666666666665
2335-GSODA,0,23,40.1,0,0,0.01
9602-WCXPI,0,50,20.15,0,0,0.01
0329-GTIAJ,0,3,97.9,1,1,0.7233333333333334
8241-JUIQO,0,61,19.45,0,0,0.016666666666666666
0581-MDMPW,0,24,88.95,0,0,0.36
9314-IJWSQ,0,14,84.8,0,1,0.6233333333333333
8532-UEFWH,0,52,25.75,0,0,0.016666666666666666
7861-UVUFT,0,15,84.3,1,1,0.5366666666666666
8383-SGHJU,0,33,59.4,0,0,0.08666666666666667
8755-IWJHN,1,69,95.35,0,0,0.13333333333333333
0123-CRBRT,0,61,88.1,0,0,0.0033333333333333335
2223-GDSHL,0,71,116.05,0,0,0.016666666666666666
8189-HBVRW,0,53,90.8,0,0,0.18666666666666668
8495-PRWFH,1,42,55.65,0,0,0.2
6092-QZVPP,0,36,79.2,0,0,0.07
5129-JLPIS,0,25,105.5,0,0,0.30666666666666664
1614-JBEBI,0,8,20.7,0,0,0.02
0637-YLETY,0,16,95.6,1,0,0.39666666666666667
0135-NMXAP,0,12,89.75,1,1,0.6333333333333333
7892-POOKP,0,28,104.8,1,1,0.67
8161-QYMTT,0,7,94.1,0,1,0.9533333333333334
3001-CBHLQ,1,32,104.9,1,0,0.4066666666666667
8945-GRKHX,0,1,78.65,1,1,0.9466666666666667
4625-EWPTF,0,8,30.45,1,0,0.29
1343-EHPYB,0,63,103.4,1,0,0.19
0375-HVGXO,0,1,34.7,1,1,0.8633333333333333
0330-BGYZE,0,60,102.5,0,0,0.30666666666666664
5989-PGKJB,0,16,86.25,0,1,0.59
8752-GHJFU,1,71,92.0,0,0,0.09
4851-BQDNX,0,40,85.05,0,0,0.24
7240-FQLHE,1,18,99.75,1,0,0.49666666666666665
6175-IRFIT,0,5,78.75,0,0,0.5
6538-POCHL,0,33,79.0,0,0,0.35333333333333333
3078-ZKNTS,0,13,19.75,0,0,0.02
5777-KJIRB,0,40,50.25,0,0,0.10333333333333333
7923-IYJWY,1,67,116.1,0,0,0.20333333333333334
2810-FTLEM,0,16,50.15,1,0,0.2966666666666667
1265-HVPZB,0,59,66.4,0,0,0.13666666666666666
9796-BPKIW,1,8,69.95,0,1,0.54
9178-JHUVJ,0,24,24.1,0,0,0.03333333333333333
4732-RRJZC,0,7,20.25,0,0,0.05333333333333334
7010-BRBUU,0,72,24.1,0,0,0.0
9688-YGXVR,0,44,88.15,0,0,0.15666666666666668
9286-DOJGF,1,38,74.95,1,0,0.4166666666666667
6994-KERXL,0,4,55.9,0,0,0.15333333333333332
2181-UAESM,0,2,53.45,0,0,0.49
4312-GVYNH,0,70,49.85,0,0,0.0
2495-KZNFB,0,33,90.65,0,0,0.4033333333333333
4367-NHWMM,0,1,24.9,0,1,0.7233333333333334
8898-KASCD,0,39,35.55,0,0,0.03666666666666667
8016-NCFVO,1,55,116.5,0,0,0.25
4578-PHJYZ,0,52,68.75,0,0,0.03333333333333333
2091-MJTFX,0,30,51.2,1,0,0.13333333333333333
2277-DJJDL,1,60,99.0,0,0,0.35333333333333333
2511-MORQY,0,50,54.9,0,0,0.03666666666666667
2731-GJRDG,0,32,109.55,0,0,0.24333333333333335
1784-EZDKJ,0,51,106.8,0,0,0.25333333333333335
2468-SJFLM,0,1,74.3,0,1,0.5166666666666667
5115-SQAAU,0,69,25.6,0,0,0.0
8708-XPXHZ,0,42,94.2,1,0,0.4266666666666667
0601-WZHJF,0,14,46.35,1,0,0.30333333333333334
0463-TXOAK,0,52,25.6,0,0,0.06
4683-WYDOU,0,62,107.6,0,0,0.29
1166-PQLGG,0,72,19.55,0,0,0.0
0963-ZBDRN,0,32,96.2,1,0,0.33
4871-JTKJF,1,1,69.65,1,1,0.99
7173-TETGO,1,72,78.5,0,0,0.02666666666666667
4193-ORFCL,1,1,45.1,1,1,0.57
2692-PFYTJ,0,1,25.75,0,0,0.18352652089465019
2369-UAPKZ,0,5,104.1,1,0,0.3333333333333333
5193-QLVZB,0,63,104.75,0,0,0.16333333333333333
0379-DJQHR,0,67,81.35,0,0,0.06333333333333334
4657-FWVFY,0,40,96.35,0,0,0.45
0623-EJQEG,0,65,93.55,0,0,0.15666666666666668
1699-TLDLZ,0,16,19.7,0,0,0.0
4501-UYKBC,1,46,69.1,0,0,0.09666666666666666
8158-WPEZG,0,11,35.65,0,0,0.22333333333333333
9732-EQMWY,0,49,99.4,0,0,0.3433333333333333
1099-BTKWT,0,68,54.4,0,0,0.13666666666666666
4815-TUMEQ,0,10,19.3,0,0,0.03666666666666667
6407-UTSLV,1,2,83.8,0,1,0.7766666666666666
0018-NYROU,0,5,68.95,0,0,0.41333333333333333
4632-XJMEX,0,53,62.85,0,0,0.03666666666666667
1409-PHXTF,1,54,110.45,0,0,0.11666666666666667
8229-TNIQA,0,4,45.3,1,1,0.54
0529-ONKER,1,15,75.65,1,0,0.44666666666666666
3675-YDUPJ,0,10,19.85,0,0,0.13
4484-CGXFK,0,3,55.3,1,0,0.24
4443-EMBNA,0,71,24.75,0,0,0.006666666666666667
4280-DLSHD,0,8,54.75,0,0,0.19666666666666666
9300-AGZNL,1,1,94.0,1,1,0.9933333333333333
2789-CZANW,0,64,110.3,0,0,0.07
8464-EETCQ,0,57,18.8,0,0,0.12333333333333334
7216-EWTRS,1,1,100.8,1,1,0.94
4468-KAZHE,1,20,60.0,0,0,0.16
8623-ULFNQ,1,26,66.05,0,0,0.2
9317-WZPGV,1,2,79.75,1,1,0.8933333333333333
8947-YRTDV,0,32,94.8,0,0,0.12666666666666668
1814-DKOLC,0,5,25.45,0,0,0.12666666666666668
8071-SBTRN,0,70,111.15,0,0,0.08666666666666667
4701-MLJPN,0,31,55.25,1,0,0.05333333333333334
1205-WNWPJ,0,7,59.5,1,0,0.24666666666666667
6158-HDPXZ,0,1,25.35,0,0,0.44
6683-VLCTZ,1,20,98.55,1,1,0.8533333333333334
3727-OWVYD,0,35,61.2,0,0,0.06
0856-NAOES,0,6,60.9,0,0,0.25666666666666665
0562-FGDCR,0,72,74.55,0,0,0.01
0956-SYCWG,0,13,19.65,0,0,0.0033333333333333335
2277-VWCNI,1,4,48.75,0,1,0.6733333333333333
3498-LZGQZ,0,63,19.15,0,0,0.013333333333333334
9135-MGVPY,0,69,84.7,0,0,0.0
3815-SLMEF,0,3,34.25,1,0,0.18333333333333332
4513-CXYIX,1,71,80.7,0,0,0.07333333333333333
8944-AILEF,0,15,19.45,0,0,0.17
1270-XKUCC,0,30,19.7,0,0,0.0
6633-SYEUS,0,23,83.2,0,0,0.25
8075-GXIUB,1,9,19.85,0,0,0.07
6016-NXBNJ,0,35,19.15,0,0,0.0
9332-GYWLO,0,6,54.85,0,0,0.27666666666666667
3276-HDUEG,0,1,75.05,1,1,0.7833333333333333
5884-FBCTL,0,72,25.1,0,0,0.0
8999-YPYBV,0,45,84.35,0,0,0.006666666666666667
1522-VVDMG,0,7,89.75,1,1,0.5466666666666666
0848-SOMKO,0,70,48.4,0,0,0.01
1657-DYMBM,0,53,19.9,0,0,0.02666666666666667
6923-EFPNL,0,4,51.75,1,0,0.4033333333333333
2167-FQSTQ,0,72,92.4,0,0,0.0
9286-BHDQG,0,72,45.25,0,0,0.01
7225-CBZPL,1,17,94.8,0,1,0.5333333333333333
5605-IYGFG,0,7,69.85,0,0,0.4066666666666667
6861-OKBCE,0,11,20.1,1,0,0.023333333333333334
7571-YXDAD,0,2,74.9,1,1,0.72
0254-FNMCI,0,72,109.9,0,0,0.08
8981-FJGLA,0,11,78.0,0,0,0.49333333333333335
8414-MYSHR,1,5,91.4,1,0,0.49333333333333335
9274-CNFMO,1,4,74.95,1,1,0.59
3794-NFNCH,0,30,50.0,0,0,0.11
5158-RIVOP,0,11,20.9,0,0,0.0
1100-DDVRV,0,17,49.8,0,0,0.4066666666666667
9522-BNTHX,1,34,56.25,0,0,0.4633333333333333
3677-IYRBF,1,2,30.4,1,1,0.8066666666666666
7009-PCARS,0,55,19.1,0,0,0.15333333333333332
8250-ZNGGW,1,5,59.9,0,0,0.33
0967-BMLBD,0,11,20.0,0,0,0.09333333333333334
7594-RQHXR,0,1,79.6,1,1,0.8833333333333333
8966-SNIZF,0,70,19.45,0,0,0.0
7235-NXZCP,1,2,74.85,1,1,0.66
0122-OAHPZ,0,7,73.85,1,1,0.51
7815-PDTHL,0,35,20.2,0,0,0.0
8331-ZXFOE,0,58,71.1,0,0,0.02666666666666667
8901-UPRHR,0,72,109.2,0,0,0.12666666666666668
3563-SVYLG,0,68,62.65,0,0,0.0
3205-MXZRA,0,26,59.45,0,0,0.043333333333333335
5392-AKEMH,0,12,45.05,0,0,0.41333333333333333
8201-AAXCB,0,25,60.35,0,0,0.24
6919-ELBGL,1,72,114.95,0,0,0.0
0530-IJVDB,0,70,114.6,0,0,0.23333333333333334
5047-LHVLY,1,1,50.15,1,1,0.7066666666666667
8404-FYDIB,0,26,86.65,0,0,0.4266666666666667
3415-TAILE,0,2,65.7,1,0,0.39
2819-GWENI,0,28,19.9,0,0,0.0
6164-HXUGH,0,6,19.85,0,0,0.06333333333333334
6762-QVYJO,0,58,59.75,0,0,0.006666666666666667
5046-NUHWD,1,29,45.0,0,1,0.5233333333333333
0106-GHRQR,0,16,71.4,0,0,0.24
8374-XGEJJ,1,43,101.0,1,1,0.8
2546-KZAAT,0,52,75.4,0,0,0.07
7569-NMZYQ,0,72,118.75,0,0,0.17
3279-DYZQM,0,71,19.45,0,0,0.0
0374-FIUCA,0,65,20.4,0,0,0.016666666666666666
3714-NTNFO,0,49,84.5,0,0,0.48
8705-DWKTI,0,52,83.8,0,0,0.24333333333333335
4195-SMMNX,0,2,20.35,1,0,0.02
2599-CIPQE,0,71,109.3,0,0,0.06666666666666667
5136-GFPMB,0,54,89.4,0,0,0.27666666666666667
6476-YHMGA,0,15,76.5,0,0,0.17
3055-MJDSB,0,9,24.6,0,0,0.45
7516-GMHUV,1,50,105.05,0,0,0.21333333333333335
5940-NFXKV,0,19,83.65,1,0,0.5
3597-YASZG,1,70,104.45,0,0,0.05333333333333334
3786-WOVKF,1,72,106.85,0,0,0.07
2806-MLNTI,1,52,105.1,0,0,0.29
0799-DDIHE,0,15,46.3,0,0,0.20333333333333334
9926-PJHDQ,0,72,76.8,0,0,0.08333333333333333
0334-GDDSO,1,3,81.35,1,1,0.83
2371-KFUOG,0,58,99.15,0,0,0.15666666666666668
4634-JLRJT,0,1,20.35,0,1,0.6463692688068889
5886-VLQVU,0,35,89.85,0,0,0.25
3194-ORPIK,0,50,84.4,1,0,0.22
6048-NJXHX,0,41,19.75,0,0,0.02
7860-KSUGX,0,72,64.45,0,0,0.056666666666666664
2925-MXLSX,0,30,68.95,0,0,0.04
2933-FILNV,0,2,24.4,1,0,0.43
7758-XKCBS,0,15,29.7,1,0,0.3233333333333333
2027-DNKIV,0,37,58.75,0,0,0.05333333333333334
4751-ERMAN,0,72,75.4,0,0,0.05333333333333334
8224-KDLKN,0,72,25.0,0,0,0.0
7929-SKFGK,0,70,114.3,0,0,0.11333333333333333
8329-IBCTI,0,1,19.65,1,0,0.03282303179151316
5016-IBERQ,0,23,84.25,0,0,0.38666666666666666
5405-ZMYXQ,0,8,74.6,0,0,0.42
7841-TZDMQ,0,2,46.0,1,1,0.5033333333333333
9754-CLVZW,0,26,38.85,0,0,0.29
9503-XJUME,0,52,19.65,0,0,0.06333333333333334
3298-QEICA,0,23,34.6,0,0,0.02666666666666667
9420-LOJKX,0,15,99.1,1,1,0.57
3391-JSQEW,0,40,50.15,0,0,0.16333333333333333
4939-KYYPY,0,27,59.45,0,0,0.05333333333333334
2061-VVFST,0,37,19.5,0,0,0.19
6480-YAGIY,0,45,112.2,0,0,0.20333333333333334
0330-IVZHA,0,5,69.95,1,0,0.39666666666666667
7161-DFHUF,0,71,23.85,0,0,0.0033333333333333335
1260-TTRXI,0,4,54.3,1,0,0.30666666666666664
8577-QSOCG,0,38,20.2,0,0,0.02
8963-JLGJT,0,3,55.9,0,0,0.4633333333333333
3266-FTKHB,0,17,19.15,0,0,0.01
6122-LJADA,0,70,90.15,0,0,0.0
8710-YGLWG,0,1,44.9,0,0,0.23666666666666666
6463-HHXJR,0,71,100.5,0,0,0.02
9576-SYUHJ,0,37,91.15,0,0,0.4266666666666667
9289-LBQVU,0,64,70.15,0,0,0.11
2207-QPJED,1,37,90.0,0,0,0.29
6990-YNRIO,0,65,108.65,1,0,0.09333333333333334
0489-WMEMG,0,23,49.45,0,0,0.1
2189-UXTKY,0,22,79.2,1,0,0.14
7105-MXJLL,1,26,60.7,0,0,0.08666666666666667
7133-VBDCG,0,25,79.85,1,0,0.22333333333333333
9933-QRGTX,0,60,97.2,0,0,0.11
6356-ELRKD,0,1,95.6,1,1,0.82
2194-IIQOF,0,71,89.3,0,0,0.0
8063-GBATB,1,27,85.25,1,1,0.6
9611-CTWIH,0,3,89.45,1,1,0.6266666666666667
3571-DPYUH,0,58,94.7,0,0,0.07666666666666666
8519-QJGJD,0,14,75.35,1,0,0.26
5846-NEQVZ,0,71,70.85,0,0,0.04
6022-KOUQO,0,2,29.05,0,0,0.48333333333333334
7205-BAIAD,0,40,20.6,0,0,0.0033333333333333335
9574-BOSMD,0,68,25.4,0,0,0.0
4884-TVUQF,1,57,101.3,0,0,0.08
6439-GTPCA,0,45,87.25,1,0,0.31666666666666665
3795-CAWEX,0,70,116.55,0,0,0.1
7821-DPRQE,0,68,107.7,0,0,0.21666666666666667
4983-CLMLV,0,52,102.7,0,0,0.29333333333333333
2380-DAMQP,0,72,115.15,0,0,0.0
7534-BFESC,1,24,76.1,1,1,0.7533333333333333
6695-FRVEC,0,67,60.4,0,0,0.06
0361-HJRDX,0,68,64.35,0,0,0.0
0354-VXMJC,0,23,19.6,0,0,0.0
6559-ILWKJ,0,71,49.35,1,0,0.17
9895-VFOXH,0,1,24.4,0,0,0.2866666666666667
8229-BUJHX,0,71,20.5,0,0,0.0
4476-OSWTN,1,69,110.55,0,0,0.17
2995-UPRYS,1,40,99.2,1,0,0.18666666666666668
9208-OLGAQ,1,18,84.95,0,0,0.4166666666666667
4124-MMETB,0,22,94.65,1,0,0.43
8882-TLVRW,0,69,39.1,0,0,0.006666666666666667
2957-JIRMN,1,62,84.45,0,0,0.37333333333333335
3646-ITDGM,0,56,19.7,0,0,0.12
2673-ZALNP,0,7,19.9,0,0,0.016666666666666666
9975-SKRNR,0,1,18.9,0,0,0.17333333333333334
3724-UCSHY,0,6,19.55,0,0,0.11666666666666667
0259-GBZSH,0,2,85.65,1,1,0.78
7130-CTCUS,1,16,54.55,0,0,0.18
8150-QUDFX,0,2,19.85,0,0,0.13
8218-FFJDS,0,72,86.4,0,0,0.0033333333333333335
8259-NFJTV,0,7,34.65,0,0,0.3566666666666667
7909-FIOIY,0,19,24.85,0,0,0.24666666666666667
3317-VLGQT,0,14,78.1,0,0,0.3933333333333333
2722-VOJQL,0,64,105.65,1,0,0.18666666666666668
0584-BJQGZ,0,25,78.35,0,0,0.08
6732-VAILE,0,70,85.95,0,0,0.0
1302-TPUBN,0,66,19.35,0,0,0.07333333333333333
8380-PEFPE,0,1,71.65,1,1,0.7682297952904982
7402-PWYJJ,0,53,91.15,0,0,0.15
4250-FDVOU,0,6,56.25,1,0,0.18
9128-CPXKI,0,59,95.8,0,0,0.2966666666666667
4183-WCSEP,0,31,78.45,1,0,0.19
0404-SWRVG,0,3,74.4,1,1,0.7466666666666667
6227-HWPWX,0,15,69.0,1,0,0.23333333333333334
1899-VXWXM,0,48,106.1,1,0,0.16
8450-JOVAH,0,2,56.7,1,0,0.34
4550-VBOFE,1,70,102.95,1,1,0.5366666666666666
9546-CQJSU,0,2,91.4,1,1,0.8133333333333334
4789-KWMXN,0,47,110.85,1,0,0.16666666666666666
0835-DUUIQ,0,24,21.05,0,0,0.12
1855-AGAWH,0,31,93.8,0,1,0.5766666666666667
9079-YEXQJ,0,54,111.1,1,0,0.23
3577-AMVUX,0,1,55.05,0,1,0.7133333333333334
2316-ESMLS,0,12,33.15,0,0,0.05
9426-SXNHE,0,2,18.75,0,0,0.16333333333333333
8550-XSXUQ,0,48,70.55,0,0,0.10666666666666667
0723-DRCLG,1,1,74.45,1,1,0.9133333333333333
2176-OSJUV,0,71,65.15,0,0,0.056666666666666664
0107-WESLM,0,1,19.85,1,0,0.1915631286238315
8626-XHBIE,0,56,24.8,0,0,0.03333333333333333
0188-GWFLE,0,2,20.05,0,0,0.00526788218793829
8166-ZZTFS,1,66,80.55,1,0,0.02666666666666667
5774-QPLTF,0,50,20.35,0,0,0.023333333333333334
0929-PECLO,1,63,89.6,0,0,0.24666666666666667
5696-QURRL,0,1,45.05,1,0,0.5
8124-NZVGJ,0,6,49.25,0,0,0.27666666666666667
4130-MZLCC,0,5,50.55,0,0,0.4766666666666667
4489-SNOJF,0,35,72.25,1,0,0.10666666666666667
8984-HPEMB,0,71,118.65,0,0,0.056666666666666664
4615-PIVVU,0,42,66.5,0,0,0.13
6848-HJTXY,0,64,19.45,0,0,0.0
8757-TFHHJ,0,1,49.8,0,0,0.14666666666666667
4603-JANFB,0,1,69.85,1,1,0.9331128946988844
8565-HBFNN,0,69,107.2,0,0,0.14
7422-WNBTY,0,33,93.35,0,0,0.30333333333333334
4712-UYOOI,0,20,20.0,0,0,0.05
3372-CDXFJ,0,13,24.5,0,0,0.03
5353-WILCI,0,28,56.05,0,0,0.15333333333333332
0988-AADSA,0,72,80.85,0,0,0.006666666666666667
8270-RKSAP,0,9,70.5,0,0,0.49666666666666665
5954-BDFSG,0,72,107.5,0,0,0.17
5792-JALQC,1,52,59.85,0,0,0.10333333333333333
2202-OUTMO,0,34,60.85,0,0,0.15666666666666668
9028-LIHRP,0,71,100.2,0,0,0.023333333333333334
9150-KPBJQ,0,6,19.65,0,0,0.043333333333333335
4003-OCTMP,0,31,64.0,0,0,0.02666666666666667
8775-LHDJH,1,1,90.6,1,1,0.83
6770-UAYGJ,0,49,25.25,0,0,0.0033333333333333335
7596-IIWYC,0,27,20.25,0,0,0.01
0887-WBJVH,0,53,93.45,0,0,0.15
8840-DQLGN,1,35,100.5,1,0,0.2633333333333333
8413-VONUO,0,2,95.65,1,0,0.4866666666666667
9281-PKKZE,0,46,43.95,0,0,0.32666666666666666
5186-PEIZU,0,35,19.25,0,0,0.04666666666666667
6339-YPSAH,0,9,73.8,0,0,0.44333333333333336
2324-EFHVG,0,64,104.4,0,0,0.15
1918-ZBFQJ,0,13,79.25,1,1,0.6366666666666667
6968-GMKPR,0,55,81.55,0,0,0.43666666666666665
3062-ICYZQ,0,51,93.8,0,0,0.35
2233-FAGXV,0,5,24.3,0,0,0.22333333333333333
6017-PPLPX,0,20,70.45,1,1,0.56
1982-FEBTD,0,23,25.6,0,0,0.013333333333333334
9705-IOVQQ,1,61,99.0,0,0,0.2966666666666667
6288-CHQJB,0,54,69.95,0,0,0.043333333333333335
3315-TOTBP,0,15,76.0,1,1,0.5166666666666667
6096-EGVTU,0,64,24.9,0,0,0.02666666666666667
2937-FTHUR,0,18,64.8,0,0,0.2633333333333333
4062-HBMOS,0,52,103.05,0,1,0.6466666666666666
2387-KDZQY,0,17,20.1,0,0,0.013333333333333334
4609-KNNWG,0,27,19.9,0,0,0.0
0409-WTMPL,0,58,110.65,0,0,0.43333333333333335
3766-EJLFL,0,68,109.05,0,0,0.29
4232-JGKIY,0,1,19.2,0,0,0.11666666666666667
0334-ZFJSR,0,55,66.05,0,0,0.03666666666666667
6582-OIVSP,0,1,45.3,0,0,0.31333333333333335
8661-BOYNW,0,72,84.4,0,0,0.0033333333333333335
4257-GAESD,0,6,45.0,0,0,0.4533333333333333
8785-CJSHH,0,60,99.8,0,0,0.47333333333333333
5469-CTCWN,0,61,106.0,1,0,0.19666666666666666
2839-RFSQE,0,2,20.65,1,0,0.07838199533615343
4890-VMUAV,0,63,71.5,0,0,0.03
3365-SAIGS,0,17,83.55,0,1,0.5233333333333333
0946-CLJTI,1,58,98.7,1,0,0.3566666666666667
3920-HIHMQ,0,26,49.5,0,0,0.11333333333333333
5307-UVGNB,0,53,48.7,0,0,0.24333333333333335
8780-RSYYU,0,25,19.2,0,0,0.01
0742-NXBGR,0,1,82.3,1,1,0.9233333333333333
8067-NIOYM,0,24,21.1,0,0,0.006666666666666667
5916-QEWPT,0,2,69.0,0,1,0.5333333333333333
1029-QFBEN,0,1,19.55,1,0,0.17244823097858242
9251-WNSOD,0,67,75.1,0,0,0.08
6576-FBXOJ,0,17,54.6,0,0,0.15
2501-XWWTZ,0,11,70.2,0,0,0.15666666666666668
6080-LNESI,0,51,24.75,0,0,0.06666666666666667
7245-NIIWQ,0,3,69.85,0,0,0.38
6567-HOOPW,1,1,79.2,1,1,0.92
4550-EVXNY,0,1,69.65,1,1,0.9533333333333334
6437-UDQJM,1,72,84.1,0,0,0.0033333333333333335
0297-RBCSG,0,19,65.35,0,0,0.19
2097-YVPKN,0,65,25.75,0,0,0.0
0853-NWIFK,0,45,100.3,0,0,0.19
4853-OITSN,0,5,89.15,0,0,0.47
6128-DAFVY,0,56,44.85,0,0,0.36666666666666664
1197-BVMVG,1,4,74.45,0,1,0.8133333333333334
7508-DQAKK,0,64,86.4,0,0,0.0033333333333333335
9938-PRCVK,0,41,19.7,0,0,0.0033333333333333335
0289-IVARM,0,35,60.55,0,0,0.14333333333333334
8260-NGFNY,0,1,25.2,1,0,0.25
7074-IEVOJ,1,3,79.4,1,1,0.6533333333333333
6614-YWYSC,1,61,25.0,0,0,0.0033333333333333335
8473-VUVJN,1,1,73.65,1,1,0.87
6693-DJWTY,0,35,55.6,0,0,0.03666666666666667
3655-SNQYZ,0,69,113.25,0,0,0.06
2845-KDHVX,0,64,68.3,0,0,0.016666666666666666
5027-YOCXN,0,51,110.05,0,0,0.29333333333333333
8884-MRNSU,0,17,19.9,0,0,0.013333333333333334
0567-XRHCU,0,69,43.95,0,0,0.016666666666666666
5868-CZJDR,0,1,31.35,1,0,0.5
